student_id,course_id,enrollment_type
CSE-202122-001,CSE501,Regular
CSE-202122-001,CSE502,Regular
CSE-202122-001,CSE503,Regular
CSE-202122-001,CSE504,Regular
CSE-202122-002,CSE501,Regular
CSE-202122-002,CSE502,Regular
CSE-202122-002,CSE503,Regular
CSE-202122-002,CSE504,Regular
CSE-202122-003,CSE501,Regular
CSE-202122-003,CSE502,Regular
CSE-202122-003,CSE503,Regular
CSE-202122-003,CSE504,Regular
CSE-202122-004,CSE501,Regular
CSE-202122-004,CSE502,Regular
CSE-202122-004,CSE503,Regular
CSE-202122-004,CSE504,Regular
CSE-202122-005,CSE501,Regular
CSE-202122-005,CSE502,Regular
CSE-202122-005,CSE503,Regular
CSE-202122-005,CSE504,Regular
CSE-202122-005,MAT501,Elective
CSE-202122-006,CSE501,Regular
CSE-202122-006,CSE502,Regular
CSE-202122-006,CSE503,Regular
CSE-202122-006,CSE504,Regular
CSE-202122-007,CSE501,Regular
CSE-202122-007,CSE502,Regular
CSE-202122-007,CSE503,Regular
CSE-202122-007,CSE504,Regular
CSE-202122-008,CSE501,Regular
CSE-202122-008,CSE502,Regular
CSE-202122-008,CSE503,Regular
CSE-202122-008,CSE504,Regular
CSE-202122-008,BBA502,Elective
CSE-202122-009,CSE501,Regular
CSE-202122-009,CSE502,Regular
CSE-202122-009,CSE503,Regular
CSE-202122-009,CSE504,Regular
CSE-202122-010,CSE501,Regular
CSE-202122-010,CSE502,Regular
CSE-202122-010,CSE503,Regular
CSE-202122-010,CSE504,Regular
CSE-202122-011,CSE501,Regular
CSE-202122-011,CSE502,Regular
CSE-202122-011,CSE503,Regular
CSE-202122-011,CSE504,Regular
CSE-202122-012,CSE501,Regular
CSE-202122-012,CSE502,Regular
CSE-202122-012,CSE503,Regular
CSE-202122-012,CSE504,Regular
CSE-202122-013,CSE501,Regular
CSE-202122-013,CSE502,Regular
CSE-202122-013,CSE503,Regular
CSE-202122-013,CSE504,Regular
CSE-202122-013,EEE501,Elective
CSE-202122-014,CSE501,Regular
CSE-202122-014,CSE502,Regular
CSE-202122-014,CSE503,Regular
CSE-202122-014,CSE504,Regular
CSE-202122-015,CSE501,Regular
CSE-202122-015,CSE502,Regular
CSE-202122-015,CSE503,Regular
CSE-202122-015,CSE504,Regular
CSE-202223-001,CSE401,Regular
CSE-202223-001,CSE402,Regular
CSE-202223-001,CSE403,Regular
CSE-202223-001,CSE404,Regular
CSE-202223-001,PHY402,Elective
CSE-202223-002,CSE401,Regular
CSE-202223-002,CSE402,Regular
CSE-202223-002,CSE403,Regular
CSE-202223-002,CSE404,Regular
CSE-202223-003,CSE401,Regular
CSE-202223-003,CSE402,Regular
CSE-202223-003,CSE403,Regular
CSE-202223-003,CSE404,Regular
CSE-202223-004,CSE401,Regular
CSE-202223-004,CSE402,Regular
CSE-202223-004,CSE403,Regular
CSE-202223-004,CSE404,Regular
CSE-202223-005,CSE401,Regular
CSE-202223-005,CSE402,Regular
CSE-202223-005,CSE403,Regular
CSE-202223-005,CSE404,Regular
CSE-202223-006,CSE401,Regular
CSE-202223-006,CSE402,Regular
CSE-202223-006,CSE403,Regular
CSE-202223-006,CSE404,Regular
CSE-202223-007,CSE401,Regular
CSE-202223-007,CSE402,Regular
CSE-202223-007,CSE403,Regular
CSE-202223-007,CSE404,Regular
CSE-202223-008,CSE401,Regular
CSE-202223-008,CSE402,Regular
CSE-202223-008,CSE403,Regular
CSE-202223-008,CSE404,Regular
CSE-202223-008,EEE404,Elective
CSE-202223-009,CSE401,Regular
CSE-202223-009,CSE402,Regular
CSE-202223-009,CSE403,Regular
CSE-202223-009,CSE404,Regular
CSE-202223-009,MAT404,Elective
CSE-202223-010,CSE401,Regular
CSE-202223-010,CSE402,Regular
CSE-202223-010,CSE403,Regular
CSE-202223-010,CSE404,Regular
CSE-202223-011,CSE401,Regular
CSE-202223-011,CSE402,Regular
CSE-202223-011,CSE403,Regular
CSE-202223-011,CSE404,Regular
CSE-202223-012,CSE401,Regular
CSE-202223-012,CSE402,Regular
CSE-202223-012,CSE403,Regular
CSE-202223-012,CSE404,Regular
CSE-202223-013,CSE401,Regular
CSE-202223-013,CSE402,Regular
CSE-202223-013,CSE403,Regular
CSE-202223-013,CSE404,Regular
CSE-202223-013,PHY401,Elective
CSE-202223-014,CSE401,Regular
CSE-202223-014,CSE402,Regular
CSE-202223-014,CSE403,Regular
CSE-202223-014,CSE404,Regular
CSE-202223-015,CSE401,Regular
CSE-202223-015,CSE402,Regular
CSE-202223-015,CSE403,Regular
CSE-202223-015,CSE404,Regular
CSE-202324-001,CSE301,Regular
CSE-202324-001,CSE302,Regular
CSE-202324-001,CSE303,Regular
CSE-202324-001,CSE304,Regular
CSE-202324-002,CSE301,Regular
CSE-202324-002,CSE302,Regular
CSE-202324-002,CSE303,Regular
CSE-202324-002,CSE304,Regular
CSE-202324-003,CSE301,Regular
CSE-202324-003,CSE302,Regular
CSE-202324-003,CSE303,Regular
CSE-202324-003,CSE304,Regular
CSE-202324-004,CSE301,Regular
CSE-202324-004,CSE302,Regular
CSE-202324-004,CSE303,Regular
CSE-202324-004,CSE304,Regular
CSE-202324-005,CSE301,Regular
CSE-202324-005,CSE302,Regular
CSE-202324-005,CSE303,Regular
CSE-202324-005,CSE304,Regular
CSE-202324-006,CSE301,Regular
CSE-202324-006,CSE302,Regular
CSE-202324-006,CSE303,Regular
CSE-202324-006,CSE304,Regular
CSE-202324-007,CSE301,Regular
CSE-202324-007,CSE302,Regular
CSE-202324-007,CSE303,Regular
CSE-202324-007,CSE304,Regular
CSE-202324-008,CSE301,Regular
CSE-202324-008,CSE302,Regular
CSE-202324-008,CSE303,Regular
CSE-202324-008,CSE304,Regular
CSE-202324-009,CSE301,Regular
CSE-202324-009,CSE302,Regular
CSE-202324-009,CSE303,Regular
CSE-202324-009,CSE304,Regular
CSE-202324-010,CSE301,Regular
CSE-202324-010,CSE302,Regular
CSE-202324-010,CSE303,Regular
CSE-202324-010,CSE304,Regular
CSE-202324-011,CSE301,Regular
CSE-202324-011,CSE302,Regular
CSE-202324-011,CSE303,Regular
CSE-202324-011,CSE304,Regular
CSE-202324-012,CSE301,Regular
CSE-202324-012,CSE302,Regular
CSE-202324-012,CSE303,Regular
CSE-202324-012,CSE304,Regular
CSE-202324-013,CSE301,Regular
CSE-202324-013,CSE302,Regular
CSE-202324-013,CSE303,Regular
CSE-202324-013,CSE304,Regular
CSE-202324-014,CSE301,Regular
CSE-202324-014,CSE302,Regular
CSE-202324-014,CSE303,Regular
CSE-202324-014,CSE304,Regular
CSE-202324-015,CSE301,Regular
CSE-202324-015,CSE302,Regular
CSE-202324-015,CSE303,Regular
CSE-202324-015,CSE304,Regular
CSE-202425-001,CSE201,Regular
CSE-202425-001,CSE202,Regular
CSE-202425-001,CSE203,Regular
CSE-202425-001,CSE204,Regular
CSE-202425-002,CSE201,Regular
CSE-202425-002,CSE202,Regular
CSE-202425-002,CSE203,Regular
CSE-202425-002,CSE204,Regular
CSE-202425-003,CSE201,Regular
CSE-202425-003,CSE202,Regular
CSE-202425-003,CSE203,Regular
CSE-202425-003,CSE204,Regular
CSE-202425-004,CSE201,Regular
CSE-202425-004,CSE202,Regular
CSE-202425-004,CSE203,Regular
CSE-202425-004,CSE204,Regular
CSE-202425-005,CSE201,Regular
CSE-202425-005,CSE202,Regular
CSE-202425-005,CSE203,Regular
CSE-202425-005,CSE204,Regular
CSE-202425-005,BBA201,Elective
CSE-202425-006,CSE201,Regular
CSE-202425-006,CSE202,Regular
CSE-202425-006,CSE203,Regular
CSE-202425-006,CSE204,Regular
CSE-202425-007,CSE201,Regular
CSE-202425-007,CSE202,Regular
CSE-202425-007,CSE203,Regular
CSE-202425-007,CSE204,Regular
CSE-202425-008,CSE201,Regular
CSE-202425-008,CSE202,Regular
CSE-202425-008,CSE203,Regular
CSE-202425-008,CSE204,Regular
CSE-202425-009,CSE201,Regular
CSE-202425-009,CSE202,Regular
CSE-202425-009,CSE203,Regular
CSE-202425-009,CSE204,Regular
CSE-202425-010,CSE201,Regular
CSE-202425-010,CSE202,Regular
CSE-202425-010,CSE203,Regular
CSE-202425-010,CSE204,Regular
CSE-202425-011,CSE201,Regular
CSE-202425-011,CSE202,Regular
CSE-202425-011,CSE203,Regular
CSE-202425-011,CSE204,Regular
CSE-202425-012,CSE201,Regular
CSE-202425-012,CSE202,Regular
CSE-202425-012,CSE203,Regular
CSE-202425-012,CSE204,Regular
CSE-202425-012,EEE204,Elective
CSE-202425-013,CSE201,Regular
CSE-202425-013,CSE202,Regular
CSE-202425-013,CSE203,Regular
CSE-202425-013,CSE204,Regular
CSE-202425-014,CSE201,Regular
CSE-202425-014,CSE202,Regular
CSE-202425-014,CSE203,Regular
CSE-202425-014,CSE204,Regular
CSE-202425-014,ENG204,Elective
CSE-202425-015,CSE201,Regular
CSE-202425-015,CSE202,Regular
CSE-202425-015,CSE203,Regular
CSE-202425-015,CSE204,Regular
CSE-202526-001,CSE101,Regular
CSE-202526-001,CSE102,Regular
CSE-202526-001,CSE103,Regular
CSE-202526-001,CSE104,Regular
CSE-202526-002,CSE101,Regular
CSE-202526-002,CSE102,Regular
CSE-202526-002,CSE103,Regular
CSE-202526-002,CSE104,Regular
CSE-202526-003,CSE101,Regular
CSE-202526-003,CSE102,Regular
CSE-202526-003,CSE103,Regular
CSE-202526-003,CSE104,Regular
CSE-202526-004,CSE101,Regular
CSE-202526-004,CSE102,Regular
CSE-202526-004,CSE103,Regular
CSE-202526-004,CSE104,Regular
CSE-202526-005,CSE101,Regular
CSE-202526-005,CSE102,Regular
CSE-202526-005,CSE103,Regular
CSE-202526-005,CSE104,Regular
CSE-202526-006,CSE101,Regular
CSE-202526-006,CSE102,Regular
CSE-202526-006,CSE103,Regular
CSE-202526-006,CSE104,Regular
CSE-202526-007,CSE101,Regular
CSE-202526-007,CSE102,Regular
CSE-202526-007,CSE103,Regular
CSE-202526-007,CSE104,Regular
CSE-202526-008,CSE101,Regular
CSE-202526-008,CSE102,Regular
CSE-202526-008,CSE103,Regular
CSE-202526-008,CSE104,Regular
CSE-202526-009,CSE101,Regular
CSE-202526-009,CSE102,Regular
CSE-202526-009,CSE103,Regular
CSE-202526-009,CSE104,Regular
CSE-202526-010,CSE101,Regular
CSE-202526-010,CSE102,Regular
CSE-202526-010,CSE103,Regular
CSE-202526-010,CSE104,Regular
CSE-202526-011,CSE101,Regular
CSE-202526-011,CSE102,Regular
CSE-202526-011,CSE103,Regular
CSE-202526-011,CSE104,Regular
CSE-202526-012,CSE101,Regular
CSE-202526-012,CSE102,Regular
CSE-202526-012,CSE103,Regular
CSE-202526-012,CSE104,Regular
CSE-202526-012,PHY101,Elective
CSE-202526-013,CSE101,Regular
CSE-202526-013,CSE102,Regular
CSE-202526-013,CSE103,Regular
CSE-202526-013,CSE104,Regular
CSE-202526-013,ENG104,Elective
CSE-202526-014,CSE101,Regular
CSE-202526-014,CSE102,Regular
CSE-202526-014,CSE103,Regular
CSE-202526-014,CSE104,Regular
CSE-202526-015,CSE101,Regular
CSE-202526-015,CSE102,Regular
CSE-202526-015,CSE103,Regular
CSE-202526-015,CSE104,Regular
EEE-202122-001,EEE501,Regular
EEE-202122-001,EEE502,Regular
EEE-202122-001,EEE503,Regular
EEE-202122-001,EEE504,Regular
EEE-202122-002,EEE501,Regular
EEE-202122-002,EEE502,Regular
EEE-202122-002,EEE503,Regular
EEE-202122-002,EEE504,Regular
EEE-202122-003,EEE501,Regular
EEE-202122-003,EEE502,Regular
EEE-202122-003,EEE503,Regular
EEE-202122-003,EEE504,Regular
EEE-202122-004,EEE501,Regular
EEE-202122-004,EEE502,Regular
EEE-202122-004,EEE503,Regular
EEE-202122-004,EEE504,Regular
EEE-202122-004,ENG504,Elective
EEE-202122-005,EEE501,Regular
EEE-202122-005,EEE502,Regular
EEE-202122-005,EEE503,Regular
EEE-202122-005,EEE504,Regular
EEE-202122-005,PHY503,Elective
EEE-202122-006,EEE501,Regular
EEE-202122-006,EEE502,Regular
EEE-202122-006,EEE503,Regular
EEE-202122-006,EEE504,Regular
EEE-202122-007,EEE501,Regular
EEE-202122-007,EEE502,Regular
EEE-202122-007,EEE503,Regular
EEE-202122-007,EEE504,Regular
EEE-202122-008,EEE501,Regular
EEE-202122-008,EEE502,Regular
EEE-202122-008,EEE503,Regular
EEE-202122-008,EEE504,Regular
EEE-202122-009,EEE501,Regular
EEE-202122-009,EEE502,Regular
EEE-202122-009,EEE503,Regular
EEE-202122-009,EEE504,Regular
EEE-202122-010,EEE501,Regular
EEE-202122-010,EEE502,Regular
EEE-202122-010,EEE503,Regular
EEE-202122-010,EEE504,Regular
EEE-202122-011,EEE501,Regular
EEE-202122-011,EEE502,Regular
EEE-202122-011,EEE503,Regular
EEE-202122-011,EEE504,Regular
EEE-202122-012,EEE501,Regular
EEE-202122-012,EEE502,Regular
EEE-202122-012,EEE503,Regular
EEE-202122-012,EEE504,Regular
EEE-202122-012,ENG501,Elective
EEE-202122-013,EEE501,Regular
EEE-202122-013,EEE502,Regular
EEE-202122-013,EEE503,Regular
EEE-202122-013,EEE504,Regular
EEE-202122-014,EEE501,Regular
EEE-202122-014,EEE502,Regular
EEE-202122-014,EEE503,Regular
EEE-202122-014,EEE504,Regular
EEE-202122-015,EEE501,Regular
EEE-202122-015,EEE502,Regular
EEE-202122-015,EEE503,Regular
EEE-202122-015,EEE504,Regular
EEE-202223-001,EEE401,Regular
EEE-202223-001,EEE402,Regular
EEE-202223-001,EEE403,Regular
EEE-202223-001,EEE404,Regular
EEE-202223-002,EEE401,Regular
EEE-202223-002,EEE402,Regular
EEE-202223-002,EEE403,Regular
EEE-202223-002,EEE404,Regular
EEE-202223-003,EEE401,Regular
EEE-202223-003,EEE402,Regular
EEE-202223-003,EEE403,Regular
EEE-202223-003,EEE404,Regular
EEE-202223-003,MAT404,Elective
EEE-202223-004,EEE401,Regular
EEE-202223-004,EEE402,Regular
EEE-202223-004,EEE403,Regular
EEE-202223-004,EEE404,Regular
EEE-202223-005,EEE401,Regular
EEE-202223-005,EEE402,Regular
EEE-202223-005,EEE403,Regular
EEE-202223-005,EEE404,Regular
EEE-202223-006,EEE401,Regular
EEE-202223-006,EEE402,Regular
EEE-202223-006,EEE403,Regular
EEE-202223-006,EEE404,Regular
EEE-202223-007,EEE401,Regular
EEE-202223-007,EEE402,Regular
EEE-202223-007,EEE403,Regular
EEE-202223-007,EEE404,Regular
EEE-202223-008,EEE401,Regular
EEE-202223-008,EEE402,Regular
EEE-202223-008,EEE403,Regular
EEE-202223-008,EEE404,Regular
EEE-202223-009,EEE401,Regular
EEE-202223-009,EEE402,Regular
EEE-202223-009,EEE403,Regular
EEE-202223-009,EEE404,Regular
EEE-202223-010,EEE401,Regular
EEE-202223-010,EEE402,Regular
EEE-202223-010,EEE403,Regular
EEE-202223-010,EEE404,Regular
EEE-202223-011,EEE401,Regular
EEE-202223-011,EEE402,Regular
EEE-202223-011,EEE403,Regular
EEE-202223-011,EEE404,Regular
EEE-202223-012,EEE401,Regular
EEE-202223-012,EEE402,Regular
EEE-202223-012,EEE403,Regular
EEE-202223-012,EEE404,Regular
EEE-202223-013,EEE401,Regular
EEE-202223-013,EEE402,Regular
EEE-202223-013,EEE403,Regular
EEE-202223-013,EEE404,Regular
EEE-202223-014,EEE401,Regular
EEE-202223-014,EEE402,Regular
EEE-202223-014,EEE403,Regular
EEE-202223-014,EEE404,Regular
EEE-202223-015,EEE401,Regular
EEE-202223-015,EEE402,Regular
EEE-202223-015,EEE403,Regular
EEE-202223-015,EEE404,Regular
EEE-202324-001,EEE301,Regular
EEE-202324-001,EEE302,Regular
EEE-202324-001,EEE303,Regular
EEE-202324-001,EEE304,Regular
EEE-202324-002,EEE301,Regular
EEE-202324-002,EEE302,Regular
EEE-202324-002,EEE303,Regular
EEE-202324-002,EEE304,Regular
EEE-202324-003,EEE301,Regular
EEE-202324-003,EEE302,Regular
EEE-202324-003,EEE303,Regular
EEE-202324-003,EEE304,Regular
EEE-202324-004,EEE301,Regular
EEE-202324-004,EEE302,Regular
EEE-202324-004,EEE303,Regular
EEE-202324-004,EEE304,Regular
EEE-202324-005,EEE301,Regular
EEE-202324-005,EEE302,Regular
EEE-202324-005,EEE303,Regular
EEE-202324-005,EEE304,Regular
EEE-202324-006,EEE301,Regular
EEE-202324-006,EEE302,Regular
EEE-202324-006,EEE303,Regular
EEE-202324-006,EEE304,Regular
EEE-202324-007,EEE301,Regular
EEE-202324-007,EEE302,Regular
EEE-202324-007,EEE303,Regular
EEE-202324-007,EEE304,Regular
EEE-202324-008,EEE301,Regular
EEE-202324-008,EEE302,Regular
EEE-202324-008,EEE303,Regular
EEE-202324-008,EEE304,Regular
EEE-202324-009,EEE301,Regular
EEE-202324-009,EEE302,Regular
EEE-202324-009,EEE303,Regular
EEE-202324-009,EEE304,Regular
EEE-202324-009,PHY304,Elective
EEE-202324-010,EEE301,Regular
EEE-202324-010,EEE302,Regular
EEE-202324-010,EEE303,Regular
EEE-202324-010,EEE304,Regular
EEE-202324-011,EEE301,Regular
EEE-202324-011,EEE302,Regular
EEE-202324-011,EEE303,Regular
EEE-202324-011,EEE304,Regular
EEE-202324-012,EEE301,Regular
EEE-202324-012,EEE302,Regular
EEE-202324-012,EEE303,Regular
EEE-202324-012,EEE304,Regular
EEE-202324-013,EEE301,Regular
EEE-202324-013,EEE302,Regular
EEE-202324-013,EEE303,Regular
EEE-202324-013,EEE304,Regular
EEE-202324-014,EEE301,Regular
EEE-202324-014,EEE302,Regular
EEE-202324-014,EEE303,Regular
EEE-202324-014,EEE304,Regular
EEE-202324-015,EEE301,Regular
EEE-202324-015,EEE302,Regular
EEE-202324-015,EEE303,Regular
EEE-202324-015,EEE304,Regular
EEE-202425-001,EEE201,Regular
EEE-202425-001,EEE202,Regular
EEE-202425-001,EEE203,Regular
EEE-202425-001,EEE204,Regular
EEE-202425-002,EEE201,Regular
EEE-202425-002,EEE202,Regular
EEE-202425-002,EEE203,Regular
EEE-202425-002,EEE204,Regular
EEE-202425-003,EEE201,Regular
EEE-202425-003,EEE202,Regular
EEE-202425-003,EEE203,Regular
EEE-202425-003,EEE204,Regular
EEE-202425-004,EEE201,Regular
EEE-202425-004,EEE202,Regular
EEE-202425-004,EEE203,Regular
EEE-202425-004,EEE204,Regular
EEE-202425-004,BBA202,Elective
EEE-202425-005,EEE201,Regular
EEE-202425-005,EEE202,Regular
EEE-202425-005,EEE203,Regular
EEE-202425-005,EEE204,Regular
EEE-202425-006,EEE201,Regular
EEE-202425-006,EEE202,Regular
EEE-202425-006,EEE203,Regular
EEE-202425-006,EEE204,Regular
EEE-202425-007,EEE201,Regular
EEE-202425-007,EEE202,Regular
EEE-202425-007,EEE203,Regular
EEE-202425-007,EEE204,Regular
EEE-202425-008,EEE201,Regular
EEE-202425-008,EEE202,Regular
EEE-202425-008,EEE203,Regular
EEE-202425-008,EEE204,Regular
EEE-202425-008,PHY202,Elective
EEE-202425-009,EEE201,Regular
EEE-202425-009,EEE202,Regular
EEE-202425-009,EEE203,Regular
EEE-202425-009,EEE204,Regular
EEE-202425-010,EEE201,Regular
EEE-202425-010,EEE202,Regular
EEE-202425-010,EEE203,Regular
EEE-202425-010,EEE204,Regular
EEE-202425-011,EEE201,Regular
EEE-202425-011,EEE202,Regular
EEE-202425-011,EEE203,Regular
EEE-202425-011,EEE204,Regular
EEE-202425-012,EEE201,Regular
EEE-202425-012,EEE202,Regular
EEE-202425-012,EEE203,Regular
EEE-202425-012,EEE204,Regular
EEE-202425-012,MAT201,Elective
EEE-202425-013,EEE201,Regular
EEE-202425-013,EEE202,Regular
EEE-202425-013,EEE203,Regular
EEE-202425-013,EEE204,Regular
EEE-202425-014,EEE201,Regular
EEE-202425-014,EEE202,Regular
EEE-202425-014,EEE203,Regular
EEE-202425-014,EEE204,Regular
EEE-202425-015,EEE201,Regular
EEE-202425-015,EEE202,Regular
EEE-202425-015,EEE203,Regular
EEE-202425-015,EEE204,Regular
EEE-202526-001,EEE101,Regular
EEE-202526-001,EEE102,Regular
EEE-202526-001,EEE103,Regular
EEE-202526-001,EEE104,Regular
EEE-202526-002,EEE101,Regular
EEE-202526-002,EEE102,Regular
EEE-202526-002,EEE103,Regular
EEE-202526-002,EEE104,Regular
EEE-202526-002,BBA103,Elective
EEE-202526-003,EEE101,Regular
EEE-202526-003,EEE102,Regular
EEE-202526-003,EEE103,Regular
EEE-202526-003,EEE104,Regular
EEE-202526-004,EEE101,Regular
EEE-202526-004,EEE102,Regular
EEE-202526-004,EEE103,Regular
EEE-202526-004,EEE104,Regular
EEE-202526-004,CSE103,Elective
EEE-202526-005,EEE101,Regular
EEE-202526-005,EEE102,Regular
EEE-202526-005,EEE103,Regular
EEE-202526-005,EEE104,Regular
EEE-202526-006,EEE101,Regular
EEE-202526-006,EEE102,Regular
EEE-202526-006,EEE103,Regular
EEE-202526-006,EEE104,Regular
EEE-202526-007,EEE101,Regular
EEE-202526-007,EEE102,Regular
EEE-202526-007,EEE103,Regular
EEE-202526-007,EEE104,Regular
EEE-202526-008,EEE101,Regular
EEE-202526-008,EEE102,Regular
EEE-202526-008,EEE103,Regular
EEE-202526-008,EEE104,Regular
EEE-202526-009,EEE101,Regular
EEE-202526-009,EEE102,Regular
EEE-202526-009,EEE103,Regular
EEE-202526-009,EEE104,Regular
EEE-202526-010,EEE101,Regular
EEE-202526-010,EEE102,Regular
EEE-202526-010,EEE103,Regular
EEE-202526-010,EEE104,Regular
EEE-202526-010,PHY104,Elective
EEE-202526-011,EEE101,Regular
EEE-202526-011,EEE102,Regular
EEE-202526-011,EEE103,Regular
EEE-202526-011,EEE104,Regular
EEE-202526-012,EEE101,Regular
EEE-202526-012,EEE102,Regular
EEE-202526-012,EEE103,Regular
EEE-202526-012,EEE104,Regular
EEE-202526-012,CSE103,Elective
EEE-202526-013,EEE101,Regular
EEE-202526-013,EEE102,Regular
EEE-202526-013,EEE103,Regular
EEE-202526-013,EEE104,Regular
EEE-202526-014,EEE101,Regular
EEE-202526-014,EEE102,Regular
EEE-202526-014,EEE103,Regular
EEE-202526-014,EEE104,Regular
EEE-202526-015,EEE101,Regular
EEE-202526-015,EEE102,Regular
EEE-202526-015,EEE103,Regular
EEE-202526-015,EEE104,Regular
BBA-202122-001,BBA501,Regular
BBA-202122-001,BBA502,Regular
BBA-202122-001,BBA503,Regular
BBA-202122-001,BBA504,Regular
BBA-202122-002,BBA501,Regular
BBA-202122-002,BBA502,Regular
BBA-202122-002,BBA503,Regular
BBA-202122-002,BBA504,Regular
BBA-202122-003,BBA501,Regular
BBA-202122-003,BBA502,Regular
BBA-202122-003,BBA503,Regular
BBA-202122-003,BBA504,Regular
BBA-202122-004,BBA501,Regular
BBA-202122-004,BBA502,Regular
BBA-202122-004,BBA503,Regular
BBA-202122-004,BBA504,Regular
BBA-202122-005,BBA501,Regular
BBA-202122-005,BBA502,Regular
BBA-202122-005,BBA503,Regular
BBA-202122-005,BBA504,Regular
BBA-202122-006,BBA501,Regular
BBA-202122-006,BBA502,Regular
BBA-202122-006,BBA503,Regular
BBA-202122-006,BBA504,Regular
BBA-202122-006,CSE504,Elective
BBA-202122-007,BBA501,Regular
BBA-202122-007,BBA502,Regular
BBA-202122-007,BBA503,Regular
BBA-202122-007,BBA504,Regular
BBA-202122-008,BBA501,Regular
BBA-202122-008,BBA502,Regular
BBA-202122-008,BBA503,Regular
BBA-202122-008,BBA504,Regular
BBA-202122-009,BBA501,Regular
BBA-202122-009,BBA502,Regular
BBA-202122-009,BBA503,Regular
BBA-202122-009,BBA504,Regular
BBA-202122-010,BBA501,Regular
BBA-202122-010,BBA502,Regular
BBA-202122-010,BBA503,Regular
BBA-202122-010,BBA504,Regular
BBA-202122-010,MAT503,Elective
BBA-202122-011,BBA501,Regular
BBA-202122-011,BBA502,Regular
BBA-202122-011,BBA503,Regular
BBA-202122-011,BBA504,Regular
BBA-202122-012,BBA501,Regular
BBA-202122-012,BBA502,Regular
BBA-202122-012,BBA503,Regular
BBA-202122-012,BBA504,Regular
BBA-202122-013,BBA501,Regular
BBA-202122-013,BBA502,Regular
BBA-202122-013,BBA503,Regular
BBA-202122-013,BBA504,Regular
BBA-202122-014,BBA501,Regular
BBA-202122-014,BBA502,Regular
BBA-202122-014,BBA503,Regular
BBA-202122-014,BBA504,Regular
BBA-202122-015,BBA501,Regular
BBA-202122-015,BBA502,Regular
BBA-202122-015,BBA503,Regular
BBA-202122-015,BBA504,Regular
BBA-202122-015,PHY502,Elective
BBA-202223-001,BBA401,Regular
BBA-202223-001,BBA402,Regular
BBA-202223-001,BBA403,Regular
BBA-202223-001,BBA404,Regular
BBA-202223-002,BBA401,Regular
BBA-202223-002,BBA402,Regular
BBA-202223-002,BBA403,Regular
BBA-202223-002,BBA404,Regular
BBA-202223-003,BBA401,Regular
BBA-202223-003,BBA402,Regular
BBA-202223-003,BBA403,Regular
BBA-202223-003,BBA404,Regular
BBA-202223-003,EEE403,Elective
BBA-202223-004,BBA401,Regular
BBA-202223-004,BBA402,Regular
BBA-202223-004,BBA403,Regular
BBA-202223-004,BBA404,Regular
BBA-202223-005,BBA401,Regular
BBA-202223-005,BBA402,Regular
BBA-202223-005,BBA403,Regular
BBA-202223-005,BBA404,Regular
BBA-202223-006,BBA401,Regular
BBA-202223-006,BBA402,Regular
BBA-202223-006,BBA403,Regular
BBA-202223-006,BBA404,Regular
BBA-202223-007,BBA401,Regular
BBA-202223-007,BBA402,Regular
BBA-202223-007,BBA403,Regular
BBA-202223-007,BBA404,Regular
BBA-202223-008,BBA401,Regular
BBA-202223-008,BBA402,Regular
BBA-202223-008,BBA403,Regular
BBA-202223-008,BBA404,Regular
BBA-202223-009,BBA401,Regular
BBA-202223-009,BBA402,Regular
BBA-202223-009,BBA403,Regular
BBA-202223-009,BBA404,Regular
BBA-202223-010,BBA401,Regular
BBA-202223-010,BBA402,Regular
BBA-202223-010,BBA403,Regular
BBA-202223-010,BBA404,Regular
BBA-202223-011,BBA401,Regular
BBA-202223-011,BBA402,Regular
BBA-202223-011,BBA403,Regular
BBA-202223-011,BBA404,Regular
BBA-202223-012,BBA401,Regular
BBA-202223-012,BBA402,Regular
BBA-202223-012,BBA403,Regular
BBA-202223-012,BBA404,Regular
BBA-202223-013,BBA401,Regular
BBA-202223-013,BBA402,Regular
BBA-202223-013,BBA403,Regular
BBA-202223-013,BBA404,Regular
BBA-202223-014,BBA401,Regular
BBA-202223-014,BBA402,Regular
BBA-202223-014,BBA403,Regular
BBA-202223-014,BBA404,Regular
BBA-202223-015,BBA401,Regular
BBA-202223-015,BBA402,Regular
BBA-202223-015,BBA403,Regular
BBA-202223-015,BBA404,Regular
BBA-202324-001,BBA301,Regular
BBA-202324-001,BBA302,Regular
BBA-202324-001,BBA303,Regular
BBA-202324-001,BBA304,Regular
BBA-202324-002,BBA301,Regular
BBA-202324-002,BBA302,Regular
BBA-202324-002,BBA303,Regular
BBA-202324-002,BBA304,Regular
BBA-202324-003,BBA301,Regular
BBA-202324-003,BBA302,Regular
BBA-202324-003,BBA303,Regular
BBA-202324-003,BBA304,Regular
BBA-202324-004,BBA301,Regular
BBA-202324-004,BBA302,Regular
BBA-202324-004,BBA303,Regular
BBA-202324-004,BBA304,Regular
BBA-202324-005,BBA301,Regular
BBA-202324-005,BBA302,Regular
BBA-202324-005,BBA303,Regular
BBA-202324-005,BBA304,Regular
BBA-202324-005,MAT303,Elective
BBA-202324-006,BBA301,Regular
BBA-202324-006,BBA302,Regular
BBA-202324-006,BBA303,Regular
BBA-202324-006,BBA304,Regular
BBA-202324-006,PHY303,Elective
BBA-202324-007,BBA301,Regular
BBA-202324-007,BBA302,Regular
BBA-202324-007,BBA303,Regular
BBA-202324-007,BBA304,Regular
BBA-202324-008,BBA301,Regular
BBA-202324-008,BBA302,Regular
BBA-202324-008,BBA303,Regular
BBA-202324-008,BBA304,Regular
BBA-202324-009,BBA301,Regular
BBA-202324-009,BBA302,Regular
BBA-202324-009,BBA303,Regular
BBA-202324-009,BBA304,Regular
BBA-202324-010,BBA301,Regular
BBA-202324-010,BBA302,Regular
BBA-202324-010,BBA303,Regular
BBA-202324-010,BBA304,Regular
BBA-202324-011,BBA301,Regular
BBA-202324-011,BBA302,Regular
BBA-202324-011,BBA303,Regular
BBA-202324-011,BBA304,Regular
BBA-202324-011,PHY304,Elective
BBA-202324-012,BBA301,Regular
BBA-202324-012,BBA302,Regular
BBA-202324-012,BBA303,Regular
BBA-202324-012,BBA304,Regular
BBA-202324-012,PHY303,Elective
BBA-202324-013,BBA301,Regular
BBA-202324-013,BBA302,Regular
BBA-202324-013,BBA303,Regular
BBA-202324-013,BBA304,Regular
BBA-202324-014,BBA301,Regular
BBA-202324-014,BBA302,Regular
BBA-202324-014,BBA303,Regular
BBA-202324-014,BBA304,Regular
BBA-202324-015,BBA301,Regular
BBA-202324-015,BBA302,Regular
BBA-202324-015,BBA303,Regular
BBA-202324-015,BBA304,Regular
BBA-202425-001,BBA201,Regular
BBA-202425-001,BBA202,Regular
BBA-202425-001,BBA203,Regular
BBA-202425-001,BBA204,Regular
BBA-202425-002,BBA201,Regular
BBA-202425-002,BBA202,Regular
BBA-202425-002,BBA203,Regular
BBA-202425-002,BBA204,Regular
BBA-202425-003,BBA201,Regular
BBA-202425-003,BBA202,Regular
BBA-202425-003,BBA203,Regular
BBA-202425-003,BBA204,Regular
BBA-202425-004,BBA201,Regular
BBA-202425-004,BBA202,Regular
BBA-202425-004,BBA203,Regular
BBA-202425-004,BBA204,Regular
BBA-202425-005,BBA201,Regular
BBA-202425-005,BBA202,Regular
BBA-202425-005,BBA203,Regular
BBA-202425-005,BBA204,Regular
BBA-202425-006,BBA201,Regular
BBA-202425-006,BBA202,Regular
BBA-202425-006,BBA203,Regular
BBA-202425-006,BBA204,Regular
BBA-202425-007,BBA201,Regular
BBA-202425-007,BBA202,Regular
BBA-202425-007,BBA203,Regular
BBA-202425-007,BBA204,Regular
BBA-202425-008,BBA201,Regular
BBA-202425-008,BBA202,Regular
BBA-202425-008,BBA203,Regular
BBA-202425-008,BBA204,Regular
BBA-202425-009,BBA201,Regular
BBA-202425-009,BBA202,Regular
BBA-202425-009,BBA203,Regular
BBA-202425-009,BBA204,Regular
BBA-202425-010,BBA201,Regular
BBA-202425-010,BBA202,Regular
BBA-202425-010,BBA203,Regular
BBA-202425-010,BBA204,Regular
BBA-202425-011,BBA201,Regular
BBA-202425-011,BBA202,Regular
BBA-202425-011,BBA203,Regular
BBA-202425-011,BBA204,Regular
BBA-202425-012,BBA201,Regular
BBA-202425-012,BBA202,Regular
BBA-202425-012,BBA203,Regular
BBA-202425-012,BBA204,Regular
BBA-202425-013,BBA201,Regular
BBA-202425-013,BBA202,Regular
BBA-202425-013,BBA203,Regular
BBA-202425-013,BBA204,Regular
BBA-202425-013,ENG204,Elective
BBA-202425-014,BBA201,Regular
BBA-202425-014,BBA202,Regular
BBA-202425-014,BBA203,Regular
BBA-202425-014,BBA204,Regular
BBA-202425-015,BBA201,Regular
BBA-202425-015,BBA202,Regular
BBA-202425-015,BBA203,Regular
BBA-202425-015,BBA204,Regular
BBA-202526-001,BBA101,Regular
BBA-202526-001,BBA102,Regular
BBA-202526-001,BBA103,Regular
BBA-202526-001,BBA104,Regular
BBA-202526-002,BBA101,Regular
BBA-202526-002,BBA102,Regular
BBA-202526-002,BBA103,Regular
BBA-202526-002,BBA104,Regular
BBA-202526-003,BBA101,Regular
BBA-202526-003,BBA102,Regular
BBA-202526-003,BBA103,Regular
BBA-202526-003,BBA104,Regular
BBA-202526-003,ENG104,Elective
BBA-202526-004,BBA101,Regular
BBA-202526-004,BBA102,Regular
BBA-202526-004,BBA103,Regular
BBA-202526-004,BBA104,Regular
BBA-202526-005,BBA101,Regular
BBA-202526-005,BBA102,Regular
BBA-202526-005,BBA103,Regular
BBA-202526-005,BBA104,Regular
BBA-202526-006,BBA101,Regular
BBA-202526-006,BBA102,Regular
BBA-202526-006,BBA103,Regular
BBA-202526-006,BBA104,Regular
BBA-202526-007,BBA101,Regular
BBA-202526-007,BBA102,Regular
BBA-202526-007,BBA103,Regular
BBA-202526-007,BBA104,Regular
BBA-202526-007,MAT104,Elective
BBA-202526-008,BBA101,Regular
BBA-202526-008,BBA102,Regular
BBA-202526-008,BBA103,Regular
BBA-202526-008,BBA104,Regular
BBA-202526-008,CSE103,Elective
BBA-202526-009,BBA101,Regular
BBA-202526-009,BBA102,Regular
BBA-202526-009,BBA103,Regular
BBA-202526-009,BBA104,Regular
BBA-202526-010,BBA101,Regular
BBA-202526-010,BBA102,Regular
BBA-202526-010,BBA103,Regular
BBA-202526-010,BBA104,Regular
BBA-202526-011,BBA101,Regular
BBA-202526-011,BBA102,Regular
BBA-202526-011,BBA103,Regular
BBA-202526-011,BBA104,Regular
BBA-202526-011,ENG104,Elective
BBA-202526-012,BBA101,Regular
BBA-202526-012,BBA102,Regular
BBA-202526-012,BBA103,Regular
BBA-202526-012,BBA104,Regular
BBA-202526-013,BBA101,Regular
BBA-202526-013,BBA102,Regular
BBA-202526-013,BBA103,Regular
BBA-202526-013,BBA104,Regular
BBA-202526-014,BBA101,Regular
BBA-202526-014,BBA102,Regular
BBA-202526-014,BBA103,Regular
BBA-202526-014,BBA104,Regular
BBA-202526-015,BBA101,Regular
BBA-202526-015,BBA102,Regular
BBA-202526-015,BBA103,Regular
BBA-202526-015,BBA104,Regular
ENG-202122-001,ENG501,Regular
ENG-202122-001,ENG502,Regular
ENG-202122-001,ENG503,Regular
ENG-202122-001,ENG504,Regular
ENG-202122-001,EEE501,Elective
ENG-202122-002,ENG501,Regular
ENG-202122-002,ENG502,Regular
ENG-202122-002,ENG503,Regular
ENG-202122-002,ENG504,Regular
ENG-202122-002,EEE501,Elective
ENG-202122-003,ENG501,Regular
ENG-202122-003,ENG502,Regular
ENG-202122-003,ENG503,Regular
ENG-202122-003,ENG504,Regular
ENG-202122-004,ENG501,Regular
ENG-202122-004,ENG502,Regular
ENG-202122-004,ENG503,Regular
ENG-202122-004,ENG504,Regular
ENG-202122-005,ENG501,Regular
ENG-202122-005,ENG502,Regular
ENG-202122-005,ENG503,Regular
ENG-202122-005,ENG504,Regular
ENG-202122-006,ENG501,Regular
ENG-202122-006,ENG502,Regular
ENG-202122-006,ENG503,Regular
ENG-202122-006,ENG504,Regular
ENG-202122-007,ENG501,Regular
ENG-202122-007,ENG502,Regular
ENG-202122-007,ENG503,Regular
ENG-202122-007,ENG504,Regular
ENG-202122-007,PHY501,Elective
ENG-202122-008,ENG501,Regular
ENG-202122-008,ENG502,Regular
ENG-202122-008,ENG503,Regular
ENG-202122-008,ENG504,Regular
ENG-202122-009,ENG501,Regular
ENG-202122-009,ENG502,Regular
ENG-202122-009,ENG503,Regular
ENG-202122-009,ENG504,Regular
ENG-202122-009,MAT502,Elective
ENG-202122-010,ENG501,Regular
ENG-202122-010,ENG502,Regular
ENG-202122-010,ENG503,Regular
ENG-202122-010,ENG504,Regular
ENG-202122-010,CSE501,Elective
ENG-202122-011,ENG501,Regular
ENG-202122-011,ENG502,Regular
ENG-202122-011,ENG503,Regular
ENG-202122-011,ENG504,Regular
ENG-202122-012,ENG501,Regular
ENG-202122-012,ENG502,Regular
ENG-202122-012,ENG503,Regular
ENG-202122-012,ENG504,Regular
ENG-202122-012,PHY504,Elective
ENG-202122-013,ENG501,Regular
ENG-202122-013,ENG502,Regular
ENG-202122-013,ENG503,Regular
ENG-202122-013,ENG504,Regular
ENG-202122-013,MAT501,Elective
ENG-202122-014,ENG501,Regular
ENG-202122-014,ENG502,Regular
ENG-202122-014,ENG503,Regular
ENG-202122-014,ENG504,Regular
ENG-202122-015,ENG501,Regular
ENG-202122-015,ENG502,Regular
ENG-202122-015,ENG503,Regular
ENG-202122-015,ENG504,Regular
ENG-202223-001,ENG401,Regular
ENG-202223-001,ENG402,Regular
ENG-202223-001,ENG403,Regular
ENG-202223-001,ENG404,Regular
ENG-202223-002,ENG401,Regular
ENG-202223-002,ENG402,Regular
ENG-202223-002,ENG403,Regular
ENG-202223-002,ENG404,Regular
ENG-202223-003,ENG401,Regular
ENG-202223-003,ENG402,Regular
ENG-202223-003,ENG403,Regular
ENG-202223-003,ENG404,Regular
ENG-202223-004,ENG401,Regular
ENG-202223-004,ENG402,Regular
ENG-202223-004,ENG403,Regular
ENG-202223-004,ENG404,Regular
ENG-202223-005,ENG401,Regular
ENG-202223-005,ENG402,Regular
ENG-202223-005,ENG403,Regular
ENG-202223-005,ENG404,Regular
ENG-202223-005,CSE404,Elective
ENG-202223-006,ENG401,Regular
ENG-202223-006,ENG402,Regular
ENG-202223-006,ENG403,Regular
ENG-202223-006,ENG404,Regular
ENG-202223-007,ENG401,Regular
ENG-202223-007,ENG402,Regular
ENG-202223-007,ENG403,Regular
ENG-202223-007,ENG404,Regular
ENG-202223-008,ENG401,Regular
ENG-202223-008,ENG402,Regular
ENG-202223-008,ENG403,Regular
ENG-202223-008,ENG404,Regular
ENG-202223-009,ENG401,Regular
ENG-202223-009,ENG402,Regular
ENG-202223-009,ENG403,Regular
ENG-202223-009,ENG404,Regular
ENG-202223-010,ENG401,Regular
ENG-202223-010,ENG402,Regular
ENG-202223-010,ENG403,Regular
ENG-202223-010,ENG404,Regular
ENG-202223-011,ENG401,Regular
ENG-202223-011,ENG402,Regular
ENG-202223-011,ENG403,Regular
ENG-202223-011,ENG404,Regular
ENG-202223-012,ENG401,Regular
ENG-202223-012,ENG402,Regular
ENG-202223-012,ENG403,Regular
ENG-202223-012,ENG404,Regular
ENG-202223-012,PHY404,Elective
ENG-202223-013,ENG401,Regular
ENG-202223-013,ENG402,Regular
ENG-202223-013,ENG403,Regular
ENG-202223-013,ENG404,Regular
ENG-202223-014,ENG401,Regular
ENG-202223-014,ENG402,Regular
ENG-202223-014,ENG403,Regular
ENG-202223-014,ENG404,Regular
ENG-202223-015,ENG401,Regular
ENG-202223-015,ENG402,Regular
ENG-202223-015,ENG403,Regular
ENG-202223-015,ENG404,Regular
ENG-202324-001,ENG301,Regular
ENG-202324-001,ENG302,Regular
ENG-202324-001,ENG303,Regular
ENG-202324-001,ENG304,Regular
ENG-202324-002,ENG301,Regular
ENG-202324-002,ENG302,Regular
ENG-202324-002,ENG303,Regular
ENG-202324-002,ENG304,Regular
ENG-202324-003,ENG301,Regular
ENG-202324-003,ENG302,Regular
ENG-202324-003,ENG303,Regular
ENG-202324-003,ENG304,Regular
ENG-202324-004,ENG301,Regular
ENG-202324-004,ENG302,Regular
ENG-202324-004,ENG303,Regular
ENG-202324-004,ENG304,Regular
ENG-202324-005,ENG301,Regular
ENG-202324-005,ENG302,Regular
ENG-202324-005,ENG303,Regular
ENG-202324-005,ENG304,Regular
ENG-202324-006,ENG301,Regular
ENG-202324-006,ENG302,Regular
ENG-202324-006,ENG303,Regular
ENG-202324-006,ENG304,Regular
ENG-202324-007,ENG301,Regular
ENG-202324-007,ENG302,Regular
ENG-202324-007,ENG303,Regular
ENG-202324-007,ENG304,Regular
ENG-202324-008,ENG301,Regular
ENG-202324-008,ENG302,Regular
ENG-202324-008,ENG303,Regular
ENG-202324-008,ENG304,Regular
ENG-202324-009,ENG301,Regular
ENG-202324-009,ENG302,Regular
ENG-202324-009,ENG303,Regular
ENG-202324-009,ENG304,Regular
ENG-202324-009,BBA302,Elective
ENG-202324-010,ENG301,Regular
ENG-202324-010,ENG302,Regular
ENG-202324-010,ENG303,Regular
ENG-202324-010,ENG304,Regular
ENG-202324-011,ENG301,Regular
ENG-202324-011,ENG302,Regular
ENG-202324-011,ENG303,Regular
ENG-202324-011,ENG304,Regular
ENG-202324-012,ENG301,Regular
ENG-202324-012,ENG302,Regular
ENG-202324-012,ENG303,Regular
ENG-202324-012,ENG304,Regular
ENG-202324-012,CSE302,Elective
ENG-202324-013,ENG301,Regular
ENG-202324-013,ENG302,Regular
ENG-202324-013,ENG303,Regular
ENG-202324-013,ENG304,Regular
ENG-202324-014,ENG301,Regular
ENG-202324-014,ENG302,Regular
ENG-202324-014,ENG303,Regular
ENG-202324-014,ENG304,Regular
ENG-202324-014,MAT301,Elective
ENG-202324-015,ENG301,Regular
ENG-202324-015,ENG302,Regular
ENG-202324-015,ENG303,Regular
ENG-202324-015,ENG304,Regular
ENG-202425-001,ENG201,Regular
ENG-202425-001,ENG202,Regular
ENG-202425-001,ENG203,Regular
ENG-202425-001,ENG204,Regular
ENG-202425-001,PHY201,Elective
ENG-202425-002,ENG201,Regular
ENG-202425-002,ENG202,Regular
ENG-202425-002,ENG203,Regular
ENG-202425-002,ENG204,Regular
ENG-202425-003,ENG201,Regular
ENG-202425-003,ENG202,Regular
ENG-202425-003,ENG203,Regular
ENG-202425-003,ENG204,Regular
ENG-202425-003,BBA203,Elective
ENG-202425-004,ENG201,Regular
ENG-202425-004,ENG202,Regular
ENG-202425-004,ENG203,Regular
ENG-202425-004,ENG204,Regular
ENG-202425-004,PHY201,Elective
ENG-202425-005,ENG201,Regular
ENG-202425-005,ENG202,Regular
ENG-202425-005,ENG203,Regular
ENG-202425-005,ENG204,Regular
ENG-202425-006,ENG201,Regular
ENG-202425-006,ENG202,Regular
ENG-202425-006,ENG203,Regular
ENG-202425-006,ENG204,Regular
ENG-202425-006,EEE204,Elective
ENG-202425-007,ENG201,Regular
ENG-202425-007,ENG202,Regular
ENG-202425-007,ENG203,Regular
ENG-202425-007,ENG204,Regular
ENG-202425-008,ENG201,Regular
ENG-202425-008,ENG202,Regular
ENG-202425-008,ENG203,Regular
ENG-202425-008,ENG204,Regular
ENG-202425-009,ENG201,Regular
ENG-202425-009,ENG202,Regular
ENG-202425-009,ENG203,Regular
ENG-202425-009,ENG204,Regular
ENG-202425-010,ENG201,Regular
ENG-202425-010,ENG202,Regular
ENG-202425-010,ENG203,Regular
ENG-202425-010,ENG204,Regular
ENG-202425-010,EEE203,Elective
ENG-202425-011,ENG201,Regular
ENG-202425-011,ENG202,Regular
ENG-202425-011,ENG203,Regular
ENG-202425-011,ENG204,Regular
ENG-202425-012,ENG201,Regular
ENG-202425-012,ENG202,Regular
ENG-202425-012,ENG203,Regular
ENG-202425-012,ENG204,Regular
ENG-202425-013,ENG201,Regular
ENG-202425-013,ENG202,Regular
ENG-202425-013,ENG203,Regular
ENG-202425-013,ENG204,Regular
ENG-202425-014,ENG201,Regular
ENG-202425-014,ENG202,Regular
ENG-202425-014,ENG203,Regular
ENG-202425-014,ENG204,Regular
ENG-202425-015,ENG201,Regular
ENG-202425-015,ENG202,Regular
ENG-202425-015,ENG203,Regular
ENG-202425-015,ENG204,Regular
ENG-202425-015,EEE203,Elective
ENG-202526-001,ENG101,Regular
ENG-202526-001,ENG102,Regular
ENG-202526-001,ENG103,Regular
ENG-202526-001,ENG104,Regular
ENG-202526-002,ENG101,Regular
ENG-202526-002,ENG102,Regular
ENG-202526-002,ENG103,Regular
ENG-202526-002,ENG104,Regular
ENG-202526-003,ENG101,Regular
ENG-202526-003,ENG102,Regular
ENG-202526-003,ENG103,Regular
ENG-202526-003,ENG104,Regular
ENG-202526-004,ENG101,Regular
ENG-202526-004,ENG102,Regular
ENG-202526-004,ENG103,Regular
ENG-202526-004,ENG104,Regular
ENG-202526-005,ENG101,Regular
ENG-202526-005,ENG102,Regular
ENG-202526-005,ENG103,Regular
ENG-202526-005,ENG104,Regular
ENG-202526-006,ENG101,Regular
ENG-202526-006,ENG102,Regular
ENG-202526-006,ENG103,Regular
ENG-202526-006,ENG104,Regular
ENG-202526-007,ENG101,Regular
ENG-202526-007,ENG102,Regular
ENG-202526-007,ENG103,Regular
ENG-202526-007,ENG104,Regular
ENG-202526-008,ENG101,Regular
ENG-202526-008,ENG102,Regular
ENG-202526-008,ENG103,Regular
ENG-202526-008,ENG104,Regular
ENG-202526-009,ENG101,Regular
ENG-202526-009,ENG102,Regular
ENG-202526-009,ENG103,Regular
ENG-202526-009,ENG104,Regular
ENG-202526-010,ENG101,Regular
ENG-202526-010,ENG102,Regular
ENG-202526-010,ENG103,Regular
ENG-202526-010,ENG104,Regular
ENG-202526-011,ENG101,Regular
ENG-202526-011,ENG102,Regular
ENG-202526-011,ENG103,Regular
ENG-202526-011,ENG104,Regular
ENG-202526-012,ENG101,Regular
ENG-202526-012,ENG102,Regular
ENG-202526-012,ENG103,Regular
ENG-202526-012,ENG104,Regular
ENG-202526-013,ENG101,Regular
ENG-202526-013,ENG102,Regular
ENG-202526-013,ENG103,Regular
ENG-202526-013,ENG104,Regular
ENG-202526-014,ENG101,Regular
ENG-202526-014,ENG102,Regular
ENG-202526-014,ENG103,Regular
ENG-202526-014,ENG104,Regular
ENG-202526-015,ENG101,Regular
ENG-202526-015,ENG102,Regular
ENG-202526-015,ENG103,Regular
ENG-202526-015,ENG104,Regular
ENG-202526-015,MAT104,Elective
MAT-202122-001,MAT501,Regular
MAT-202122-001,MAT502,Regular
MAT-202122-001,MAT503,Regular
MAT-202122-001,MAT504,Regular
MAT-202122-002,MAT501,Regular
MAT-202122-002,MAT502,Regular
MAT-202122-002,MAT503,Regular
MAT-202122-002,MAT504,Regular
MAT-202122-003,MAT501,Regular
MAT-202122-003,MAT502,Regular
MAT-202122-003,MAT503,Regular
MAT-202122-003,MAT504,Regular
MAT-202122-004,MAT501,Regular
MAT-202122-004,MAT502,Regular
MAT-202122-004,MAT503,Regular
MAT-202122-004,MAT504,Regular
MAT-202122-004,CSE503,Elective
MAT-202122-005,MAT501,Regular
MAT-202122-005,MAT502,Regular
MAT-202122-005,MAT503,Regular
MAT-202122-005,MAT504,Regular
MAT-202122-006,MAT501,Regular
MAT-202122-006,MAT502,Regular
MAT-202122-006,MAT503,Regular
MAT-202122-006,MAT504,Regular
MAT-202122-007,MAT501,Regular
MAT-202122-007,MAT502,Regular
MAT-202122-007,MAT503,Regular
MAT-202122-007,MAT504,Regular
MAT-202122-007,BBA503,Elective
MAT-202122-008,MAT501,Regular
MAT-202122-008,MAT502,Regular
MAT-202122-008,MAT503,Regular
MAT-202122-008,MAT504,Regular
MAT-202122-009,MAT501,Regular
MAT-202122-009,MAT502,Regular
MAT-202122-009,MAT503,Regular
MAT-202122-009,MAT504,Regular
MAT-202122-010,MAT501,Regular
MAT-202122-010,MAT502,Regular
MAT-202122-010,MAT503,Regular
MAT-202122-010,MAT504,Regular
MAT-202122-011,MAT501,Regular
MAT-202122-011,MAT502,Regular
MAT-202122-011,MAT503,Regular
MAT-202122-011,MAT504,Regular
MAT-202122-012,MAT501,Regular
MAT-202122-012,MAT502,Regular
MAT-202122-012,MAT503,Regular
MAT-202122-012,MAT504,Regular
MAT-202122-013,MAT501,Regular
MAT-202122-013,MAT502,Regular
MAT-202122-013,MAT503,Regular
MAT-202122-013,MAT504,Regular
MAT-202122-014,MAT501,Regular
MAT-202122-014,MAT502,Regular
MAT-202122-014,MAT503,Regular
MAT-202122-014,MAT504,Regular
MAT-202122-015,MAT501,Regular
MAT-202122-015,MAT502,Regular
MAT-202122-015,MAT503,Regular
MAT-202122-015,MAT504,Regular
MAT-202223-001,MAT401,Regular
MAT-202223-001,MAT402,Regular
MAT-202223-001,MAT403,Regular
MAT-202223-001,MAT404,Regular
MAT-202223-002,MAT401,Regular
MAT-202223-002,MAT402,Regular
MAT-202223-002,MAT403,Regular
MAT-202223-002,MAT404,Regular
MAT-202223-003,MAT401,Regular
MAT-202223-003,MAT402,Regular
MAT-202223-003,MAT403,Regular
MAT-202223-003,MAT404,Regular
MAT-202223-003,BBA402,Elective
MAT-202223-004,MAT401,Regular
MAT-202223-004,MAT402,Regular
MAT-202223-004,MAT403,Regular
MAT-202223-004,MAT404,Regular
MAT-202223-004,BBA401,Elective
MAT-202223-005,MAT401,Regular
MAT-202223-005,MAT402,Regular
MAT-202223-005,MAT403,Regular
MAT-202223-005,MAT404,Regular
MAT-202223-006,MAT401,Regular
MAT-202223-006,MAT402,Regular
MAT-202223-006,MAT403,Regular
MAT-202223-006,MAT404,Regular
MAT-202223-007,MAT401,Regular
MAT-202223-007,MAT402,Regular
MAT-202223-007,MAT403,Regular
MAT-202223-007,MAT404,Regular
MAT-202223-008,MAT401,Regular
MAT-202223-008,MAT402,Regular
MAT-202223-008,MAT403,Regular
MAT-202223-008,MAT404,Regular
MAT-202223-009,MAT401,Regular
MAT-202223-009,MAT402,Regular
MAT-202223-009,MAT403,Regular
MAT-202223-009,MAT404,Regular
MAT-202223-010,MAT401,Regular
MAT-202223-010,MAT402,Regular
MAT-202223-010,MAT403,Regular
MAT-202223-010,MAT404,Regular
MAT-202223-011,MAT401,Regular
MAT-202223-011,MAT402,Regular
MAT-202223-011,MAT403,Regular
MAT-202223-011,MAT404,Regular
MAT-202223-011,PHY404,Elective
MAT-202223-012,MAT401,Regular
MAT-202223-012,MAT402,Regular
MAT-202223-012,MAT403,Regular
MAT-202223-012,MAT404,Regular
MAT-202223-013,MAT401,Regular
MAT-202223-013,MAT402,Regular
MAT-202223-013,MAT403,Regular
MAT-202223-013,MAT404,Regular
MAT-202223-014,MAT401,Regular
MAT-202223-014,MAT402,Regular
MAT-202223-014,MAT403,Regular
MAT-202223-014,MAT404,Regular
MAT-202223-015,MAT401,Regular
MAT-202223-015,MAT402,Regular
MAT-202223-015,MAT403,Regular
MAT-202223-015,MAT404,Regular
MAT-202324-001,MAT301,Regular
MAT-202324-001,MAT302,Regular
MAT-202324-001,MAT303,Regular
MAT-202324-001,MAT304,Regular
MAT-202324-002,MAT301,Regular
MAT-202324-002,MAT302,Regular
MAT-202324-002,MAT303,Regular
MAT-202324-002,MAT304,Regular
MAT-202324-003,MAT301,Regular
MAT-202324-003,MAT302,Regular
MAT-202324-003,MAT303,Regular
MAT-202324-003,MAT304,Regular
MAT-202324-004,MAT301,Regular
MAT-202324-004,MAT302,Regular
MAT-202324-004,MAT303,Regular
MAT-202324-004,MAT304,Regular
MAT-202324-005,MAT301,Regular
MAT-202324-005,MAT302,Regular
MAT-202324-005,MAT303,Regular
MAT-202324-005,MAT304,Regular
MAT-202324-006,MAT301,Regular
MAT-202324-006,MAT302,Regular
MAT-202324-006,MAT303,Regular
MAT-202324-006,MAT304,Regular
MAT-202324-007,MAT301,Regular
MAT-202324-007,MAT302,Regular
MAT-202324-007,MAT303,Regular
MAT-202324-007,MAT304,Regular
MAT-202324-008,MAT301,Regular
MAT-202324-008,MAT302,Regular
MAT-202324-008,MAT303,Regular
MAT-202324-008,MAT304,Regular
MAT-202324-009,MAT301,Regular
MAT-202324-009,MAT302,Regular
MAT-202324-009,MAT303,Regular
MAT-202324-009,MAT304,Regular
MAT-202324-009,CSE304,Elective
MAT-202324-010,MAT301,Regular
MAT-202324-010,MAT302,Regular
MAT-202324-010,MAT303,Regular
MAT-202324-010,MAT304,Regular
MAT-202324-011,MAT301,Regular
MAT-202324-011,MAT302,Regular
MAT-202324-011,MAT303,Regular
MAT-202324-011,MAT304,Regular
MAT-202324-012,MAT301,Regular
MAT-202324-012,MAT302,Regular
MAT-202324-012,MAT303,Regular
MAT-202324-012,MAT304,Regular
MAT-202324-013,MAT301,Regular
MAT-202324-013,MAT302,Regular
MAT-202324-013,MAT303,Regular
MAT-202324-013,MAT304,Regular
MAT-202324-013,EEE304,Elective
MAT-202324-014,MAT301,Regular
MAT-202324-014,MAT302,Regular
MAT-202324-014,MAT303,Regular
MAT-202324-014,MAT304,Regular
MAT-202324-015,MAT301,Regular
MAT-202324-015,MAT302,Regular
MAT-202324-015,MAT303,Regular
MAT-202324-015,MAT304,Regular
MAT-202425-001,MAT201,Regular
MAT-202425-001,MAT202,Regular
MAT-202425-001,MAT203,Regular
MAT-202425-001,MAT204,Regular
MAT-202425-002,MAT201,Regular
MAT-202425-002,MAT202,Regular
MAT-202425-002,MAT203,Regular
MAT-202425-002,MAT204,Regular
MAT-202425-003,MAT201,Regular
MAT-202425-003,MAT202,Regular
MAT-202425-003,MAT203,Regular
MAT-202425-003,MAT204,Regular
MAT-202425-003,CSE202,Elective
MAT-202425-004,MAT201,Regular
MAT-202425-004,MAT202,Regular
MAT-202425-004,MAT203,Regular
MAT-202425-004,MAT204,Regular
MAT-202425-005,MAT201,Regular
MAT-202425-005,MAT202,Regular
MAT-202425-005,MAT203,Regular
MAT-202425-005,MAT204,Regular
MAT-202425-006,MAT201,Regular
MAT-202425-006,MAT202,Regular
MAT-202425-006,MAT203,Regular
MAT-202425-006,MAT204,Regular
MAT-202425-007,MAT201,Regular
MAT-202425-007,MAT202,Regular
MAT-202425-007,MAT203,Regular
MAT-202425-007,MAT204,Regular
MAT-202425-007,CSE201,Elective
MAT-202425-008,MAT201,Regular
MAT-202425-008,MAT202,Regular
MAT-202425-008,MAT203,Regular
MAT-202425-008,MAT204,Regular
MAT-202425-008,PHY204,Elective
MAT-202425-009,MAT201,Regular
MAT-202425-009,MAT202,Regular
MAT-202425-009,MAT203,Regular
MAT-202425-009,MAT204,Regular
MAT-202425-010,MAT201,Regular
MAT-202425-010,MAT202,Regular
MAT-202425-010,MAT203,Regular
MAT-202425-010,MAT204,Regular
MAT-202425-011,MAT201,Regular
MAT-202425-011,MAT202,Regular
MAT-202425-011,MAT203,Regular
MAT-202425-011,MAT204,Regular
MAT-202425-012,MAT201,Regular
MAT-202425-012,MAT202,Regular
MAT-202425-012,MAT203,Regular
MAT-202425-012,MAT204,Regular
MAT-202425-013,MAT201,Regular
MAT-202425-013,MAT202,Regular
MAT-202425-013,MAT203,Regular
MAT-202425-013,MAT204,Regular
MAT-202425-014,MAT201,Regular
MAT-202425-014,MAT202,Regular
MAT-202425-014,MAT203,Regular
MAT-202425-014,MAT204,Regular
MAT-202425-015,MAT201,Regular
MAT-202425-015,MAT202,Regular
MAT-202425-015,MAT203,Regular
MAT-202425-015,MAT204,Regular
MAT-202526-001,MAT101,Regular
MAT-202526-001,MAT102,Regular
MAT-202526-001,MAT103,Regular
MAT-202526-001,MAT104,Regular
MAT-202526-002,MAT101,Regular
MAT-202526-002,MAT102,Regular
MAT-202526-002,MAT103,Regular
MAT-202526-002,MAT104,Regular
MAT-202526-003,MAT101,Regular
MAT-202526-003,MAT102,Regular
MAT-202526-003,MAT103,Regular
MAT-202526-003,MAT104,Regular
MAT-202526-004,MAT101,Regular
MAT-202526-004,MAT102,Regular
MAT-202526-004,MAT103,Regular
MAT-202526-004,MAT104,Regular
MAT-202526-005,MAT101,Regular
MAT-202526-005,MAT102,Regular
MAT-202526-005,MAT103,Regular
MAT-202526-005,MAT104,Regular
MAT-202526-006,MAT101,Regular
MAT-202526-006,MAT102,Regular
MAT-202526-006,MAT103,Regular
MAT-202526-006,MAT104,Regular
MAT-202526-006,ENG103,Elective
MAT-202526-007,MAT101,Regular
MAT-202526-007,MAT102,Regular
MAT-202526-007,MAT103,Regular
MAT-202526-007,MAT104,Regular
MAT-202526-008,MAT101,Regular
MAT-202526-008,MAT102,Regular
MAT-202526-008,MAT103,Regular
MAT-202526-008,MAT104,Regular
MAT-202526-009,MAT101,Regular
MAT-202526-009,MAT102,Regular
MAT-202526-009,MAT103,Regular
MAT-202526-009,MAT104,Regular
MAT-202526-010,MAT101,Regular
MAT-202526-010,MAT102,Regular
MAT-202526-010,MAT103,Regular
MAT-202526-010,MAT104,Regular
MAT-202526-011,MAT101,Regular
MAT-202526-011,MAT102,Regular
MAT-202526-011,MAT103,Regular
MAT-202526-011,MAT104,Regular
MAT-202526-012,MAT101,Regular
MAT-202526-012,MAT102,Regular
MAT-202526-012,MAT103,Regular
MAT-202526-012,MAT104,Regular
MAT-202526-013,MAT101,Regular
MAT-202526-013,MAT102,Regular
MAT-202526-013,MAT103,Regular
MAT-202526-013,MAT104,Regular
MAT-202526-014,MAT101,Regular
MAT-202526-014,MAT102,Regular
MAT-202526-014,MAT103,Regular
MAT-202526-014,MAT104,Regular
MAT-202526-015,MAT101,Regular
MAT-202526-015,MAT102,Regular
MAT-202526-015,MAT103,Regular
MAT-202526-015,MAT104,Regular
PHY-202122-001,PHY501,Regular
PHY-202122-001,PHY502,Regular
PHY-202122-001,PHY503,Regular
PHY-202122-001,PHY504,Regular
PHY-202122-002,PHY501,Regular
PHY-202122-002,PHY502,Regular
PHY-202122-002,PHY503,Regular
PHY-202122-002,PHY504,Regular
PHY-202122-003,PHY501,Regular
PHY-202122-003,PHY502,Regular
PHY-202122-003,PHY503,Regular
PHY-202122-003,PHY504,Regular
PHY-202122-004,PHY501,Regular
PHY-202122-004,PHY502,Regular
PHY-202122-004,PHY503,Regular
PHY-202122-004,PHY504,Regular
PHY-202122-005,PHY501,Regular
PHY-202122-005,PHY502,Regular
PHY-202122-005,PHY503,Regular
PHY-202122-005,PHY504,Regular
PHY-202122-006,PHY501,Regular
PHY-202122-006,PHY502,Regular
PHY-202122-006,PHY503,Regular
PHY-202122-006,PHY504,Regular
PHY-202122-007,PHY501,Regular
PHY-202122-007,PHY502,Regular
PHY-202122-007,PHY503,Regular
PHY-202122-007,PHY504,Regular
PHY-202122-007,ENG502,Elective
PHY-202122-008,PHY501,Regular
PHY-202122-008,PHY502,Regular
PHY-202122-008,PHY503,Regular
PHY-202122-008,PHY504,Regular
PHY-202122-009,PHY501,Regular
PHY-202122-009,PHY502,Regular
PHY-202122-009,PHY503,Regular
PHY-202122-009,PHY504,Regular
PHY-202122-010,PHY501,Regular
PHY-202122-010,PHY502,Regular
PHY-202122-010,PHY503,Regular
PHY-202122-010,PHY504,Regular
PHY-202122-011,PHY501,Regular
PHY-202122-011,PHY502,Regular
PHY-202122-011,PHY503,Regular
PHY-202122-011,PHY504,Regular
PHY-202122-012,PHY501,Regular
PHY-202122-012,PHY502,Regular
PHY-202122-012,PHY503,Regular
PHY-202122-012,PHY504,Regular
PHY-202122-013,PHY501,Regular
PHY-202122-013,PHY502,Regular
PHY-202122-013,PHY503,Regular
PHY-202122-013,PHY504,Regular
PHY-202122-014,PHY501,Regular
PHY-202122-014,PHY502,Regular
PHY-202122-014,PHY503,Regular
PHY-202122-014,PHY504,Regular
PHY-202122-015,PHY501,Regular
PHY-202122-015,PHY502,Regular
PHY-202122-015,PHY503,Regular
PHY-202122-015,PHY504,Regular
PHY-202223-001,PHY401,Regular
PHY-202223-001,PHY402,Regular
PHY-202223-001,PHY403,Regular
PHY-202223-001,PHY404,Regular
PHY-202223-002,PHY401,Regular
PHY-202223-002,PHY402,Regular
PHY-202223-002,PHY403,Regular
PHY-202223-002,PHY404,Regular
PHY-202223-003,PHY401,Regular
PHY-202223-003,PHY402,Regular
PHY-202223-003,PHY403,Regular
PHY-202223-003,PHY404,Regular
PHY-202223-004,PHY401,Regular
PHY-202223-004,PHY402,Regular
PHY-202223-004,PHY403,Regular
PHY-202223-004,PHY404,Regular
PHY-202223-005,PHY401,Regular
PHY-202223-005,PHY402,Regular
PHY-202223-005,PHY403,Regular
PHY-202223-005,PHY404,Regular
PHY-202223-006,PHY401,Regular
PHY-202223-006,PHY402,Regular
PHY-202223-006,PHY403,Regular
PHY-202223-006,PHY404,Regular
PHY-202223-007,PHY401,Regular
PHY-202223-007,PHY402,Regular
PHY-202223-007,PHY403,Regular
PHY-202223-007,PHY404,Regular
PHY-202223-008,PHY401,Regular
PHY-202223-008,PHY402,Regular
PHY-202223-008,PHY403,Regular
PHY-202223-008,PHY404,Regular
PHY-202223-009,PHY401,Regular
PHY-202223-009,PHY402,Regular
PHY-202223-009,PHY403,Regular
PHY-202223-009,PHY404,Regular
PHY-202223-009,ENG404,Elective
PHY-202223-010,PHY401,Regular
PHY-202223-010,PHY402,Regular
PHY-202223-010,PHY403,Regular
PHY-202223-010,PHY404,Regular
PHY-202223-011,PHY401,Regular
PHY-202223-011,PHY402,Regular
PHY-202223-011,PHY403,Regular
PHY-202223-011,PHY404,Regular
PHY-202223-012,PHY401,Regular
PHY-202223-012,PHY402,Regular
PHY-202223-012,PHY403,Regular
PHY-202223-012,PHY404,Regular
PHY-202223-012,BBA401,Elective
PHY-202223-013,PHY401,Regular
PHY-202223-013,PHY402,Regular
PHY-202223-013,PHY403,Regular
PHY-202223-013,PHY404,Regular
PHY-202223-014,PHY401,Regular
PHY-202223-014,PHY402,Regular
PHY-202223-014,PHY403,Regular
PHY-202223-014,PHY404,Regular
PHY-202223-015,PHY401,Regular
PHY-202223-015,PHY402,Regular
PHY-202223-015,PHY403,Regular
PHY-202223-015,PHY404,Regular
PHY-202223-015,BBA403,Elective
PHY-202324-001,PHY301,Regular
PHY-202324-001,PHY302,Regular
PHY-202324-001,PHY303,Regular
PHY-202324-001,PHY304,Regular
PHY-202324-002,PHY301,Regular
PHY-202324-002,PHY302,Regular
PHY-202324-002,PHY303,Regular
PHY-202324-002,PHY304,Regular
PHY-202324-003,PHY301,Regular
PHY-202324-003,PHY302,Regular
PHY-202324-003,PHY303,Regular
PHY-202324-003,PHY304,Regular
PHY-202324-004,PHY301,Regular
PHY-202324-004,PHY302,Regular
PHY-202324-004,PHY303,Regular
PHY-202324-004,PHY304,Regular
PHY-202324-004,BBA302,Elective
PHY-202324-005,PHY301,Regular
PHY-202324-005,PHY302,Regular
PHY-202324-005,PHY303,Regular
PHY-202324-005,PHY304,Regular
PHY-202324-006,PHY301,Regular
PHY-202324-006,PHY302,Regular
PHY-202324-006,PHY303,Regular
PHY-202324-006,PHY304,Regular
PHY-202324-007,PHY301,Regular
PHY-202324-007,PHY302,Regular
PHY-202324-007,PHY303,Regular
PHY-202324-007,PHY304,Regular
PHY-202324-008,PHY301,Regular
PHY-202324-008,PHY302,Regular
PHY-202324-008,PHY303,Regular
PHY-202324-008,PHY304,Regular
PHY-202324-009,PHY301,Regular
PHY-202324-009,PHY302,Regular
PHY-202324-009,PHY303,Regular
PHY-202324-009,PHY304,Regular
PHY-202324-010,PHY301,Regular
PHY-202324-010,PHY302,Regular
PHY-202324-010,PHY303,Regular
PHY-202324-010,PHY304,Regular
PHY-202324-011,PHY301,Regular
PHY-202324-011,PHY302,Regular
PHY-202324-011,PHY303,Regular
PHY-202324-011,PHY304,Regular
PHY-202324-012,PHY301,Regular
PHY-202324-012,PHY302,Regular
PHY-202324-012,PHY303,Regular
PHY-202324-012,PHY304,Regular
PHY-202324-013,PHY301,Regular
PHY-202324-013,PHY302,Regular
PHY-202324-013,PHY303,Regular
PHY-202324-013,PHY304,Regular
PHY-202324-013,BBA304,Elective
PHY-202324-014,PHY301,Regular
PHY-202324-014,PHY302,Regular
PHY-202324-014,PHY303,Regular
PHY-202324-014,PHY304,Regular
PHY-202324-014,ENG301,Elective
PHY-202324-015,PHY301,Regular
PHY-202324-015,PHY302,Regular
PHY-202324-015,PHY303,Regular
PHY-202324-015,PHY304,Regular
PHY-202425-001,PHY201,Regular
PHY-202425-001,PHY202,Regular
PHY-202425-001,PHY203,Regular
PHY-202425-001,PHY204,Regular
PHY-202425-002,PHY201,Regular
PHY-202425-002,PHY202,Regular
PHY-202425-002,PHY203,Regular
PHY-202425-002,PHY204,Regular
PHY-202425-003,PHY201,Regular
PHY-202425-003,PHY202,Regular
PHY-202425-003,PHY203,Regular
PHY-202425-003,PHY204,Regular
PHY-202425-003,MAT201,Elective
PHY-202425-004,PHY201,Regular
PHY-202425-004,PHY202,Regular
PHY-202425-004,PHY203,Regular
PHY-202425-004,PHY204,Regular
PHY-202425-004,CSE201,Elective
PHY-202425-005,PHY201,Regular
PHY-202425-005,PHY202,Regular
PHY-202425-005,PHY203,Regular
PHY-202425-005,PHY204,Regular
PHY-202425-006,PHY201,Regular
PHY-202425-006,PHY202,Regular
PHY-202425-006,PHY203,Regular
PHY-202425-006,PHY204,Regular
PHY-202425-007,PHY201,Regular
PHY-202425-007,PHY202,Regular
PHY-202425-007,PHY203,Regular
PHY-202425-007,PHY204,Regular
PHY-202425-007,ENG201,Elective
PHY-202425-008,PHY201,Regular
PHY-202425-008,PHY202,Regular
PHY-202425-008,PHY203,Regular
PHY-202425-008,PHY204,Regular
PHY-202425-009,PHY201,Regular
PHY-202425-009,PHY202,Regular
PHY-202425-009,PHY203,Regular
PHY-202425-009,PHY204,Regular
PHY-202425-010,PHY201,Regular
PHY-202425-010,PHY202,Regular
PHY-202425-010,PHY203,Regular
PHY-202425-010,PHY204,Regular
PHY-202425-010,CSE202,Elective
PHY-202425-011,PHY201,Regular
PHY-202425-011,PHY202,Regular
PHY-202425-011,PHY203,Regular
PHY-202425-011,PHY204,Regular
PHY-202425-012,PHY201,Regular
PHY-202425-012,PHY202,Regular
PHY-202425-012,PHY203,Regular
PHY-202425-012,PHY204,Regular
PHY-202425-013,PHY201,Regular
PHY-202425-013,PHY202,Regular
PHY-202425-013,PHY203,Regular
PHY-202425-013,PHY204,Regular
PHY-202425-014,PHY201,Regular
PHY-202425-014,PHY202,Regular
PHY-202425-014,PHY203,Regular
PHY-202425-014,PHY204,Regular
PHY-202425-015,PHY201,Regular
PHY-202425-015,PHY202,Regular
PHY-202425-015,PHY203,Regular
PHY-202425-015,PHY204,Regular
PHY-202425-015,ENG201,Elective
PHY-202526-001,PHY101,Regular
PHY-202526-001,PHY102,Regular
PHY-202526-001,PHY103,Regular
PHY-202526-001,PHY104,Regular
PHY-202526-001,BBA104,Elective
PHY-202526-002,PHY101,Regular
PHY-202526-002,PHY102,Regular
PHY-202526-002,PHY103,Regular
PHY-202526-002,PHY104,Regular
PHY-202526-003,PHY101,Regular
PHY-202526-003,PHY102,Regular
PHY-202526-003,PHY103,Regular
PHY-202526-003,PHY104,Regular
PHY-202526-004,PHY101,Regular
PHY-202526-004,PHY102,Regular
PHY-202526-004,PHY103,Regular
PHY-202526-004,PHY104,Regular
PHY-202526-005,PHY101,Regular
PHY-202526-005,PHY102,Regular
PHY-202526-005,PHY103,Regular
PHY-202526-005,PHY104,Regular
PHY-202526-006,PHY101,Regular
PHY-202526-006,PHY102,Regular
PHY-202526-006,PHY103,Regular
PHY-202526-006,PHY104,Regular
PHY-202526-007,PHY101,Regular
PHY-202526-007,PHY102,Regular
PHY-202526-007,PHY103,Regular
PHY-202526-007,PHY104,Regular
PHY-202526-008,PHY101,Regular
PHY-202526-008,PHY102,Regular
PHY-202526-008,PHY103,Regular
PHY-202526-008,PHY104,Regular
PHY-202526-008,CSE103,Elective
PHY-202526-009,PHY101,Regular
PHY-202526-009,PHY102,Regular
PHY-202526-009,PHY103,Regular
PHY-202526-009,PHY104,Regular
PHY-202526-010,PHY101,Regular
PHY-202526-010,PHY102,Regular
PHY-202526-010,PHY103,Regular
PHY-202526-010,PHY104,Regular
PHY-202526-011,PHY101,Regular
PHY-202526-011,PHY102,Regular
PHY-202526-011,PHY103,Regular
PHY-202526-011,PHY104,Regular
PHY-202526-011,EEE101,Elective
PHY-202526-012,PHY101,Regular
PHY-202526-012,PHY102,Regular
PHY-202526-012,PHY103,Regular
PHY-202526-012,PHY104,Regular
PHY-202526-013,PHY101,Regular
PHY-202526-013,PHY102,Regular
PHY-202526-013,PHY103,Regular
PHY-202526-013,PHY104,Regular
PHY-202526-014,PHY101,Regular
PHY-202526-014,PHY102,Regular
PHY-202526-014,PHY103,Regular
PHY-202526-014,PHY104,Regular
PHY-202526-014,BBA101,Elective
PHY-202526-015,PHY101,Regular
PHY-202526-015,PHY102,Regular
PHY-202526-015,PHY103,Regular
PHY-202526-015,PHY104,Regular
